"Date","Price","Open","High","Low","Vol.","Change %"
"05/13/2024","194,300","201,000","200,500","194,000","317.63K","-3.09%"
"05/10/2024","200,500","199,800","202,500","196,700","245.05K","0.30%"
"05/09/2024","199,900","202,500","203,000","199,700","291.61K","-1.53%"
"05/08/2024","203,000","204,500","205,500","202,500","197.43K","-0.73%"
"05/07/2024","204,500","204,000","204,500","201,000","268.20K","0.49%"
"05/03/2024","203,500","201,500","205,500","200,000","358.27K","1.75%"
"05/02/2024","200,000","202,500","205,500","200,000","378.27K","-0.99%"
"04/30/2024","202,000","203,500","205,000","202,000","273.79K","-1.46%"
"04/29/2024","205,000","201,500","206,500","201,000","495.26K","1.74%"
"04/26/2024","201,500","206,000","207,500","199,800","1.10M","-4.95%"
"04/25/2024","212,000","212,500","217,000","207,000","583.46K","0.47%"
"04/24/2024","211,000","210,500","214,500","209,000","575.02K","0.48%"
"04/23/2024","210,000","209,000","212,500","202,500","1.09M","-1.18%"
"04/22/2024","212,500","233,500","238,500","206,000","1.03M","-7.81%"
"04/19/2024","230,500","227,500","232,000","221,500","232.89K","0.88%"
"04/18/2024","228,500","220,000","230,500","220,000","259.81K","4.34%"
"04/17/2024","219,000","220,500","225,000","219,000","168.10K","-1.79%"
"04/16/2024","223,000","214,500","223,000","212,000","237.86K","3.96%"
"04/15/2024","214,500","210,500","215,500","208,000","103.93K","0.70%"
"04/12/2024","213,000","214,500","220,000","211,500","168.93K","-1.62%"
"04/11/2024","216,500","213,500","217,000","207,500","205.80K","0.00%"
"04/09/2024","216,500","218,500","224,500","216,000","109.16K","-0.23%"
"04/08/2024","217,000","224,500","226,500","217,000","186.52K","-3.13%"
"04/05/2024","224,000","220,000","228,000","218,500","202.62K","1.36%"
"04/04/2024","221,000","225,000","225,500","220,500","172.84K","-1.34%"
"04/03/2024","224,000","220,500","228,500","220,000","182.47K","0.67%"
"04/02/2024","222,500","223,500","226,000","216,000","271.19K","-1.77%"
"04/01/2024","226,500","233,500","236,000","223,500","247.22K","-1.52%"
"03/29/2024","230,000","230,500","233,000","224,000","231.87K","0.44%"
"03/28/2024","229,000","226,500","232,000","222,500","478.48K","2.23%"
"03/27/2024","224,000","212,500","228,500","211,500","876.34K","6.92%"
"03/26/2024","209,500","207,000","213,000","204,000","311.96K","1.21%"
"03/25/2024","207,000","195,800","208,500","195,800","365.65K","5.72%"
"03/22/2024","195,800","194,000","196,600","192,000","162.32K","0.31%"
"03/21/2024","195,200","195,200","199,200","194,500","181.77K","0.98%"
"03/20/2024","193,300","193,400","195,900","191,300","104.48K","0.31%"
"03/19/2024","192,700","197,300","197,300","191,200","188.63K","-2.38%"
"03/18/2024","197,400","200,000","200,500","197,000","98.26K","-0.80%"
"03/17/2024","199,000","199,000","199,000","199,000","0.00K","0.00%"
"03/15/2024","199,000","199,000","200,000","196,600","110.48K","-0.50%"
"03/14/2024","200,000","201,000","204,000","199,500","199.70K","-0.74%"
"03/13/2024","201,500","204,500","205,000","200,000","125.97K","-1.47%"
"03/12/2024","204,500","203,500","205,000","199,800","178.22K","0.74%"
"03/11/2024","203,000","194,600","203,500","193,000","341.86K","4.32%"
"03/10/2024","194,600","194,600","194,600","194,600","","0.00%"
"03/08/2024","194,600","187,800","198,000","187,800","420.57K","4.68%"
"03/07/2024","185,900","187,500","188,400","183,000","239.93K","-0.85%"
"03/06/2024","187,500","188,600","190,600","186,500","201.72K","-0.58%"
"03/05/2024","188,600","192,700","193,000","188,000","357.35K","-2.13%"
"03/04/2024","192,700","199,200","202,000","192,300","362.78K","-3.21%"
"03/03/2024","199,100","199,100","199,100","199,100","","0.00%"
"02/29/2024","199,100","201,000","201,500","199,000","240.51K","-1.44%"
"02/28/2024","202,000","202,500","205,000","200,500","163.77K","0.00%"
"02/27/2024","202,000","212,000","212,500","200,500","552.41K","-7.13%"
"02/26/2024","217,500","217,500","219,000","212,000","133.63K","0.93%"
"02/25/2024","215,500","215,500","215,500","215,500","","0.00%"
"02/23/2024","215,500","217,500","221,000","215,000","160.77K","-0.92%"
"02/22/2024","217,500","212,000","221,500","210,000","348.02K","3.57%"
"02/21/2024","210,000","204,500","213,500","204,500","269.84K","2.94%"
"02/20/2024","204,000","203,500","206,500","199,900","149.57K","0.00%"
"02/19/2024","204,000","208,500","211,000","202,500","249.26K","-2.16%"
"02/18/2024","208,500","208,500","208,500","208,500","","0.00%"
"02/16/2024","208,500","221,000","221,500","206,500","268.12K","-4.79%"
"02/15/2024","219,000","220,500","223,000","215,000","162.72K","0.23%"
"02/14/2024","218,500","203,000","223,000","200,500","402.26K","6.33%"
"02/13/2024","205,500","203,000","206,000","200,000","181.15K","2.75%"
"02/12/2024","200,000","200,000","200,000","200,000","","0.00%"
"02/08/2024","200,000","197,700","202,000","197,000","181.15K","1.32%"
"02/07/2024","197,400","197,400","199,600","195,500","154.14K","0.46%"
"02/06/2024","196,500","199,000","201,500","196,300","167.11K","-1.26%"
"02/05/2024","199,000","204,000","204,500","198,300","207.53K","-3.16%"
"02/04/2024","205,500","205,500","205,500","205,500","","0.00%"
"02/02/2024","205,500","201,000","209,000","200,000","242.95K","3.27%"
"02/01/2024","199,000","200,500","203,000","195,800","269.11K","-1.24%"
"01/31/2024","201,500","201,500","206,000","200,000","140.06K","-1.47%"
"01/30/2024","204,500","207,000","208,000","203,500","131.22K","0.00%"
"01/29/2024","204,500","216,500","218,000","204,000","330.09K","-5.54%"
"01/28/2024","216,500","216,500","216,500","216,500","","0.00%"
"01/26/2024","216,500","216,000","221,500","215,000","98.47K","0.23%"
"01/25/2024","216,000","221,500","222,500","209,500","260.14K","-2.70%"
"01/24/2024","222,000","220,000","224,000","217,000","107.83K","1.37%"
"01/23/2024","219,000","216,500","224,000","216,500","167.38K","1.39%"
"01/22/2024","216,000","221,500","222,000","212,500","185.90K","-1.82%"
"01/21/2024","220,000","220,000","220,000","220,000","","0.00%"
"01/19/2024","220,000","221,500","225,000","217,500","176.48K","0.23%"
"01/18/2024","219,500","222,000","225,500","217,500","208.50K","-1.79%"
"01/17/2024","223,500","230,000","232,500","219,000","233.37K","-2.19%"
"01/16/2024","228,500","233,500","236,000","227,000","243.21K","-2.14%"
"01/15/2024","233,500","247,000","249,500","232,500","305.59K","-5.47%"
"01/14/2024","247,000","247,000","247,000","247,000","","0.00%"
"01/12/2024","247,000","257,000","260,000","244,500","195.81K","-3.52%"
"01/11/2024","256,000","252,500","261,000","250,500","332.17K","2.20%"
"01/10/2024","250,500","248,000","253,500","244,000","172.67K","1.01%"
"01/09/2024","248,000","252,500","253,500","245,500","192.06K","-1.20%"
"01/08/2024","251,000","251,000","255,000","248,500","169.33K","-0.40%"
"01/07/2024","252,000","252,000","252,000","252,000","","0.00%"
"01/05/2024","252,000","242,500","257,000","242,500","376.87K","4.78%"
"01/04/2024","240,500","238,000","244,500","237,000","162.24K","0.42%"
"01/03/2024","239,500","238,000","243,000","236,500","144.62K","-0.83%"
"01/02/2024","241,500","233,000","245,000","232,500","234.26K","3.43%"
"12/28/2023","233,500","233,500","234,500","230,000","100.18K","0.86%"
"12/27/2023","231,500","227,500","233,500","225,500","116.58K","2.21%"
"12/26/2023","226,500","230,500","231,000","223,500","137.47K","-1.52%"
"12/25/2023","230,000","230,000","230,000","230,000","","0.00%"
"12/22/2023","230,000","232,000","235,500","229,500","123.13K","-0.22%"
"12/21/2023","230,500","231,500","234,000","229,000","148.14K","-1.71%"
"12/20/2023","234,500","241,000","241,000","231,000","186.53K","-1.88%"
"12/19/2023","239,000","242,000","248,500","238,000","192.65K","-1.04%"
"12/18/2023","241,500","237,500","242,000","236,500","156.06K","1.26%"
"12/15/2023","238,500","235,000","241,500","232,000","209.03K","2.36%"
"12/14/2023","233,000","236,500","245,500","232,500","485.94K","-0.21%"
"12/13/2023","233,500","233,500","236,000","227,000","185.20K","-0.21%"
"12/12/2023","234,000","236,000","238,000","229,500","188.78K","-1.68%"
"12/11/2023","238,000","237,500","240,000","235,000","163.04K","0.21%"
"12/10/2023","237,500","237,500","237,500","237,500","","0.00%"
"12/08/2023","237,500","227,000","239,500","225,000","317.18K","3.94%"
"12/07/2023","228,500","226,000","230,500","221,500","210.53K","0.00%"
"12/06/2023","228,500","215,500","231,000","213,500","622.08K","7.28%"
"12/05/2023","213,000","208,000","216,500","207,500","208.90K","1.91%"
"12/04/2023","209,000","210,500","212,500","208,000","137.44K","-1.18%"
"12/03/2023","211,500","211,500","211,500","211,500","","0.00%"
"12/01/2023","211,500","214,500","221,000","211,000","227.28K","-1.86%"
"11/30/2023","215,500","213,500","215,500","207,500","321.90K","0.23%"
"11/29/2023","215,000","213,000","215,500","211,500","152.36K","0.94%"
"11/28/2023","213,000","213,000","214,000","210,000","156.04K","0.47%"
"11/27/2023","212,000","212,500","213,000","207,000","165.35K","0.71%"
"11/26/2023","210,500","210,500","210,500","210,500","","0.00%"
"11/24/2023","210,500","210,000","212,500","207,000","161.35K","-0.71%"
"11/23/2023","212,000","199,000","212,000","199,000","432.13K","6.00%"
"11/22/2023","200,000","199,200","202,500","197,100","170.70K","0.40%"
"11/21/2023","199,200","193,400","201,000","193,400","286.19K","3.00%"
"11/20/2023","193,400","190,400","195,500","190,300","378.13K","1.63%"
"11/19/2023","190,300","190,300","190,300","190,300","","0.00%"
"11/17/2023","190,300","205,500","207,500","188,400","845.65K","-7.40%"
"11/16/2023","205,500","212,500","212,500","205,500","198.59K","-2.61%"
"11/15/2023","211,000","209,500","211,500","206,000","288.73K","3.18%"
"11/14/2023","204,500","204,500","207,500","201,500","208.33K","0.99%"
"11/13/2023","202,500","214,000","217,000","202,500","401.85K","-4.48%"
"11/10/2023","212,000","209,500","214,000","209,000","330.42K","0.00%"
"11/09/2023","212,000","216,000","217,000","206,500","538.84K","-2.08%"
"11/08/2023","216,500","219,000","223,500","214,500","453.92K","0.46%"
"11/07/2023","215,500","212,000","220,000","208,000","1.19M","-5.27%"
"11/06/2023","227,500","222,500","227,500","217,000","347.27K","5.32%"
"11/03/2023","216,000","231,500","231,500","213,000","444.60K","-5.05%"
"11/02/2023","227,500","235,000","243,000","220,500","604.15K","-1.30%"
"11/01/2023","230,500","220,000","231,000","214,000","258.71K","5.01%"
"10/31/2023","219,500","223,500","225,500","216,000","130.46K","0.00%"
"10/30/2023","219,500","210,000","222,000","210,000","143.56K","3.54%"
"10/29/2023","212,000","212,000","212,000","212,000","","0.00%"
"10/27/2023","212,000","210,000","218,500","209,000","310.81K","3.92%"
"10/26/2023","204,000","221,500","222,000","202,000","880.61K","-10.72%"
"10/25/2023","228,500","233,000","235,500","227,000","140.03K","-1.30%"
"10/24/2023","231,500","232,500","235,500","226,000","105.51K","1.09%"
"10/23/2023","229,000","224,500","234,500","224,500","140.50K","2.00%"
"10/22/2023","224,500","224,500","224,500","224,500","","0.00%"
"10/20/2023","224,500","224,000","228,000","222,000","129.27K","-1.32%"
"10/19/2023","227,500","230,000","233,500","227,000","115.37K","-2.78%"
"10/18/2023","234,000","236,500","240,000","233,500","85.88K","-1.47%"
"10/17/2023","237,500","243,000","245,000","237,000","122.46K","-1.04%"
"10/16/2023","240,000","243,000","243,000","238,000","106.18K","-1.84%"
"10/15/2023","244,500","244,500","244,500","244,500","","0.00%"
"10/13/2023","244,500","244,000","247,500","242,000","126.17K","-0.61%"
"10/12/2023","246,000","231,500","246,500","230,000","307.33K","7.66%"
"10/11/2023","228,500","227,000","231,500","226,000","135.43K","2.24%"
"10/10/2023","223,500","232,500","235,000","222,500","169.92K","-2.40%"
"10/09/2023","229,000","229,000","229,000","229,000","","0.00%"
"10/06/2023","229,000","227,000","235,500","227,000","117.88K","0.88%"
"10/05/2023","227,000","225,500","233,000","224,000","151.69K","2.02%"
"10/04/2023","222,500","236,500","237,000","221,000","267.65K","-6.51%"
"10/03/2023","238,000","238,000","238,000","238,000","","0.00%"
"09/27/2023","238,000","239,500","240,500","236,000","130.50K","-1.86%"
"09/26/2023","242,500","240,000","246,000","238,500","131.83K","0.00%"
"09/25/2023","242,500","226,500","244,000","226,500","303.44K","5.21%"
"09/24/2023","230,500","230,500","230,500","230,500","","0.00%"
"09/22/2023","230,500","227,000","235,000","223,000","171.62K","0.00%"
"09/21/2023","230,500","243,000","243,000","230,000","358.64K","-5.14%"
"09/20/2023","243,000","243,000","246,000","237,000","196.29K","-0.82%"
"09/19/2023","245,000","240,500","245,500","239,500","116.08K","1.45%"
"09/18/2023","241,500","243,500","247,000","241,000","145.18K","-1.23%"
"09/17/2023","244,500","244,500","244,500","244,500","","0.00%"
"09/15/2023","244,500","244,500","246,500","240,000","136.84K","-0.61%"
"09/14/2023","246,000","244,000","247,000","240,500","142.88K","1.65%"
"09/13/2023","242,000","246,500","248,000","240,000","156.47K","-2.22%"
"09/12/2023","247,500","245,000","253,000","242,000","163.66K","1.23%"
"09/11/2023","244,500","244,500","246,000","238,500","123.99K","-0.41%"
"09/10/2023","245,500","245,500","245,500","245,500","","0.00%"
"09/08/2023","245,500","245,500","248,000","241,000","135.20K","0.00%"
"09/07/2023","245,500","247,000","252,000","243,000","129.84K","-1.60%"
"09/06/2023","249,500","251,000","252,500","247,000","78.52K","-0.60%"
"09/05/2023","251,000","251,000","252,500","248,000","83.73K","0.20%"
"09/04/2023","250,500","249,000","255,000","245,000","108.73K","0.60%"
"09/03/2023","249,000","249,000","249,000","249,000","","0.00%"
"09/01/2023","249,000","252,000","255,000","249,000","166.81K","-1.39%"
"08/31/2023","252,500","246,000","254,500","245,500","239.62K","2.85%"
"08/30/2023","245,500","252,000","253,500","245,500","170.98K","-2.19%"
"08/29/2023","251,000","247,000","251,500","240,000","225.89K","2.66%"
"08/28/2023","244,500","237,000","245,000","234,500","157.86K","3.16%"
"08/27/2023","237,000","237,000","237,000","237,000","","0.00%"
"08/25/2023","237,000","229,500","238,500","229,000","143.61K","1.94%"
"08/24/2023","232,500","232,500","236,000","231,500","154.49K","-0.64%"
"08/23/2023","234,000","240,500","244,000","232,500","189.24K","-0.85%"
"08/22/2023","236,000","240,000","240,500","236,000","142.27K","-1.05%"
"08/21/2023","238,500","236,500","241,500","236,500","141.10K","0.85%"
"08/20/2023","236,500","236,500","236,500","236,500","","0.00%"
"08/18/2023","236,500","236,500","241,500","235,500","178.22K","-1.25%"
"08/17/2023","239,500","240,500","243,000","233,000","259.11K","-0.62%"
"08/16/2023","241,000","251,500","253,000","241,000","300.67K","-4.37%"
"08/15/2023","252,000","252,000","252,000","252,000","","0.00%"
"08/14/2023","252,000","250,000","255,000","249,000","201.05K","-1.18%"
"08/13/2023","255,000","255,000","255,000","255,000","","0.00%"
"08/11/2023","255,000","256,500","257,500","251,000","206.91K","-0.58%"
"08/10/2023","256,500","260,500","263,500","252,500","396.09K","-1.16%"
"08/09/2023","259,500","266,000","266,500","254,000","542.13K","-4.60%"
"08/08/2023","272,000","277,500","290,500","259,000","1.04M","-0.91%"
"08/07/2023","274,500","268,000","277,500","267,500","341.94K","0.92%"
"08/06/2023","272,000","272,000","272,000","272,000","","0.00%"
"08/04/2023","272,000","249,000","272,000","249,000","631.09K","9.68%"
"08/03/2023","248,000","253,500","256,500","246,000","219.62K","-1.59%"
"08/02/2023","252,000","251,500","258,500","248,000","241.64K","-0.79%"
"08/01/2023","254,000","261,000","261,500","250,500","378.48K","-3.24%"
"07/31/2023","262,500","259,500","264,000","258,000","182.87K","1.55%"
"07/28/2023","258,500","259,000","264,500","254,000","181.27K","-1.15%"
"07/27/2023","261,500","258,000","266,500","258,000","262.26K","1.75%"
"07/26/2023","257,000","274,500","274,500","257,000","402.19K","-5.17%"
"07/25/2023","271,000","264,000","278,500","262,000","515.14K","3.44%"
"07/24/2023","262,000","256,500","265,000","256,000","309.93K","2.14%"
"07/23/2023","256,500","256,500","256,500","256,500","","0.00%"
"07/21/2023","256,500","267,500","268,000","255,000","455.73K","-4.65%"
"07/20/2023","269,000","264,000","272,500","260,500","249.69K","2.09%"
"07/19/2023","263,500","266,500","266,500","255,000","207.27K","-0.38%"
"07/18/2023","264,500","268,500","270,000","263,000","210.06K","0.00%"
"07/17/2023","264,500","259,500","270,500","258,500","411.10K","3.12%"
"07/16/2023","256,500","256,500","256,500","256,500","","0.00%"
"07/14/2023","256,500","261,500","263,500","254,000","283.13K","-0.97%"
"07/13/2023","259,000","264,500","264,500","250,500","725.84K","-1.52%"
"07/12/2023","263,000","272,000","272,500","261,500","300.29K","-2.59%"
"07/11/2023","270,000","267,000","273,500","266,500","253.32K","1.12%"
"07/10/2023","267,000","286,000","288,000","264,000","561.16K","-6.64%"
"07/09/2023","286,000","286,000","286,000","286,000","","0.00%"
"07/07/2023","286,000","280,000","289,500","280,000","276.51K","2.33%"
"07/06/2023","279,500","280,500","284,500","276,000","212.77K","-0.36%"
"07/05/2023","280,500","284,500","285,000","276,000","224.61K","-1.92%"
"07/04/2023","286,000","280,500","291,000","276,500","325.21K","2.33%"
"07/03/2023","279,500","282,500","284,500","273,000","262.37K","-0.71%"
"07/02/2023","281,500","281,500","281,500","281,500","","0.00%"
"06/30/2023","281,500","280,500","284,500","276,000","204.97K","0.72%"
"06/29/2023","279,500","284,000","291,000","278,000","186.24K","-1.93%"
"06/28/2023","285,000","294,500","294,500","284,000","165.28K","-2.40%"
"06/27/2023","292,000","298,500","298,500","285,500","288.32K","-2.01%"
"06/26/2023","298,000","299,000","303,500","296,000","124.03K","-1.00%"
"06/25/2023","301,000","301,000","301,000","301,000","","0.00%"
"06/23/2023","301,000","307,000","308,500","297,500","244.04K","-1.95%"
"06/22/2023","307,000","295,000","312,500","291,000","559.17K","3.54%"
"06/21/2023","296,500","300,500","303,500","294,500","233.05K","-1.33%"
"06/20/2023","300,500","299,500","303,500","298,000","220.99K","0.00%"
"06/19/2023","300,500","298,500","306,500","295,000","220.82K","1.01%"
"06/18/2023","297,500","297,500","297,500","297,500","","0.00%"
"06/16/2023","297,500","302,500","303,000","295,000","211.70K","-1.00%"
"06/15/2023","300,500","296,000","302,500","295,500","328.55K","2.91%"
"06/14/2023","292,000","295,000","307,500","288,500","446.62K","-0.68%"
"06/13/2023","294,000","294,500","296,500","289,000","208.15K","0.00%"
"06/12/2023","294,000","284,500","295,000","281,000","385.89K","4.81%"
"06/11/2023","280,500","280,500","280,500","280,500","","0.00%"
"06/09/2023","280,500","270,500","286,500","269,000","429.18K","4.66%"
"06/08/2023","268,000","267,500","271,000","265,000","150.81K","-0.37%"
"06/07/2023","269,000","265,000","272,000","265,000","174.23K","1.51%"
"06/05/2023","265,000","270,000","271,000","264,000","163.30K","-1.85%"
"06/04/2023","270,000","270,000","270,000","270,000","","0.00%"
"06/02/2023","270,000","276,000","278,000","263,500","379.28K","-2.70%"
"06/01/2023","277,500","274,000","283,000","272,500","272.95K","1.28%"
"05/31/2023","274,000","272,500","279,000","270,000","250.27K","-0.72%"
"05/30/2023","276,000","270,500","278,500","265,500","197.64K","2.22%"
"05/26/2023","270,000","264,500","272,000","263,000","191.61K","1.12%"
"05/25/2023","267,000","263,000","272,000","262,500","181.93K","-0.19%"
"05/24/2023","267,500","278,000","278,500","263,500","306.20K","-2.01%"
"05/23/2023","273,000","271,000","273,500","267,500","205.41K","1.49%"
"05/22/2023","269,000","281,000","281,000","261,000","481.66K","-4.27%"
"05/21/2023","281,000","281,000","281,000","281,000","","0.00%"
"05/19/2023","281,000","286,000","288,500","276,500","204.33K","-1.75%"
"05/18/2023","286,000","292,500","294,000","284,500","159.24K","-2.05%"
"05/17/2023","292,000","285,000","295,000","282,500","371.43K","2.82%"
"05/16/2023","284,000","279,000","288,000","276,500","296.31K","1.97%"
"05/15/2023","278,500","280,000","289,500","276,500","156.03K","-1.24%"
"05/14/2023","282,000","282,000","282,000","282,000","","0.00%"
"05/12/2023","282,000","280,500","287,500","277,500","242.61K","1.62%"
"05/11/2023","277,500","281,000","282,000","269,000","205.80K","-0.72%"
"05/10/2023","279,500","277,500","282,500","271,000","170.87K","0.72%"
"05/09/2023","277,500","278,000","283,000","273,000","181.64K","-0.54%"
"05/08/2023","279,000","290,000","294,500","276,000","307.24K","-4.62%"
"05/07/2023","292,500","292,500","292,500","292,500","","0.00%"
"05/04/2023","292,500","295,000","298,000","284,000","256.90K","-0.68%"
"05/03/2023","294,500","285,500","303,000","285,000","571.17K","3.51%"
"05/02/2023","284,500","270,500","285,000","269,000","444.69K","5.37%"
"05/01/2023","270,000","270,000","270,000","270,000","","0.00%"
"04/28/2023","270,000","264,000","277,000","263,000","246.96K","2.27%"
"04/27/2023","264,000","265,000","269,000","259,500","174.15K","-0.38%"
"04/26/2023","265,000","260,000","270,000","259,500","265.37K","1.73%"
"04/25/2023","260,500","261,000","265,000","257,000","191.58K","0.58%"
"04/24/2023","259,000","250,000","262,000","247,500","269.62K","3.60%"
"04/23/2023","250,000","250,000","250,000","250,000","","0.00%"
"04/21/2023","250,000","255,500","258,500","243,500","230.28K","-2.72%"
"04/20/2023","257,000","250,500","267,000","242,500","433.64K","2.19%"
"04/19/2023","251,500","260,500","261,500","249,500","238.59K","-2.71%"
"04/18/2023","258,500","262,000","270,000","256,500","245.46K","-0.58%"
"04/17/2023","260,000","265,000","270,000","254,500","346.88K","0.39%"
"04/16/2023","259,000","259,000","259,000","259,000","","0.00%"
"04/14/2023","259,000","246,000","263,000","245,500","622.92K","5.71%"
"04/13/2023","245,000","238,000","249,500","231,500","510.68K","4.03%"
"04/12/2023","235,500","223,500","237,000","222,500","319.78K","4.90%"
"04/11/2023","224,500","222,500","227,000","216,000","222.84K","1.13%"
"04/10/2023","222,000","218,500","223,000","215,000","264.38K","2.30%"
"04/09/2023","217,000","217,000","217,000","217,000","","0.00%"
"04/07/2023","217,000","206,000","219,000","200,500","491.83K","5.85%"
"04/06/2023","205,000","190,300","212,500","190,300","859.22K","7.50%"
"04/05/2023","190,700","190,200","191,300","188,200","113.99K","0.21%"
"04/04/2023","190,300","184,900","190,900","184,500","190.86K","3.42%"
"04/03/2023","184,000","188,000","189,500","183,700","140.49K","-2.59%"
"04/02/2023","188,900","188,900","188,900","188,900","","0.00%"
"03/31/2023","188,900","189,000","191,300","185,300","137.11K","0.48%"
"03/30/2023","188,000","189,900","192,000","187,000","128.77K","-1.10%"
"03/29/2023","190,100","186,000","191,300","186,000","169.30K","1.49%"
"03/28/2023","187,300","181,400","187,800","178,900","195.35K","2.86%"
"03/27/2023","182,100","186,400","188,600","177,900","235.24K","-2.88%"
"03/26/2023","187,500","187,500","187,500","187,500","","0.00%"
"03/24/2023","187,500","187,000","190,600","184,800","158.69K","-0.48%"
"03/23/2023","188,400","190,000","191,000","185,400","179.74K","-1.00%"
"03/22/2023","190,300","189,200","191,200","188,100","125.10K","0.37%"
"03/21/2023","189,600","186,500","191,300","186,100","286.28K","3.04%"
"03/20/2023","184,000","179,300","188,000","179,300","230.81K","2.56%"
"03/19/2023","179,400","179,400","179,400","179,400","","0.00%"
"03/17/2023","179,400","176,600","183,100","176,500","200.68K","1.64%"
"03/16/2023","176,500","172,000","178,000","171,000","233.99K","1.73%"
"03/15/2023","173,500","176,400","176,400","170,300","241.72K","-0.12%"
"03/14/2023","173,700","187,700","189,300","173,000","426.16K","-8.39%"
"03/13/2023","189,600","185,600","196,600","182,600","847.79K","3.21%"
"03/12/2023","183,700","183,700","183,700","183,700","","0.00%"
"03/10/2023","183,700","174,100","189,800","173,900","503.18K","4.08%"
"03/09/2023","176,500","177,800","179,500","174,800","212.59K","-0.40%"
"03/08/2023","177,200","188,500","189,900","175,400","472.29K","-5.99%"
"03/07/2023","188,500","186,900","191,000","184,000","306.58K","-1.72%"
"03/06/2023","191,800","194,200","195,900","189,400","353.05K","2.35%"
"03/05/2023","187,400","187,400","187,400","187,400","","0.00%"
"03/03/2023","187,400","185,200","188,900","185,200","114.56K","0.21%"
"03/02/2023","187,000","185,100","189,900","182,500","207.74K","1.03%"
"03/01/2023","185,100","185,100","185,100","185,100","","0.00%"
"02/28/2023","185,100","184,000","190,000","183,000","349.43K","1.48%"
"02/27/2023","182,400","181,000","185,200","178,100","291.26K","-0.44%"
"02/26/2023","183,200","183,200","183,200","183,200","","0.00%"
"02/24/2023","183,200","187,600","188,200","182,700","226.03K","-2.40%"
"02/23/2023","187,700","192,000","192,100","187,600","227.15K","0.00%"
"02/22/2023","187,700","183,900","192,900","183,800","603.00K","3.08%"
"02/21/2023","182,100","183,800","184,500","180,900","170.43K","-1.30%"
"02/20/2023","184,500","181,000","188,100","181,000","325.92K","1.37%"
"02/19/2023","182,000","182,000","182,000","182,000","","0.00%"
"02/17/2023","182,000","189,400","189,400","179,900","558.08K","-4.46%"
"02/16/2023","190,500","194,100","196,200","189,800","576.25K","-3.40%"
"02/15/2023","197,200","199,900","201,500","192,500","571.21K","-2.38%"
"02/14/2023","202,000","191,300","203,000","189,900","855.65K","6.88%"
"02/13/2023","189,000","204,000","204,500","188,800","725.51K","-3.23%"
"02/12/2023","195,300","195,300","195,300","195,300","","0.00%"
"02/10/2023","195,300","212,500","218,500","193,800","2.10M","-1.51%"
"02/09/2023","198,300","198,000","205,500","196,800","322.68K","0.35%"
"02/08/2023","197,600","189,600","200,000","189,600","419.69K","4.27%"
"02/07/2023","189,500","188,800","190,600","184,300","239.06K","0.37%"
"02/06/2023","188,800","195,400","195,500","188,800","205.08K","-3.48%"
"02/05/2023","195,600","195,600","195,600","195,600","","0.00%"
"02/03/2023","195,600","187,900","197,200","187,100","285.26K","4.10%"
"02/02/2023","187,900","189,700","192,000","187,300","186.94K","-0.84%"
"02/01/2023","189,500","189,500","191,500","188,500","127.69K","-1.15%"
"01/31/2023","191,700","186,100","193,500","185,700","245.03K","1.48%"
"01/30/2023","188,900","194,900","196,000","187,700","217.93K","-2.63%"
"01/29/2023","194,000","194,000","194,000","194,000","","0.00%"
"01/27/2023","194,000","192,200","194,800","189,000","189.97K","1.89%"
"01/26/2023","190,400","187,000","194,200","186,200","291.75K","2.15%"
"01/25/2023","186,400","188,000","188,500","185,000","152.40K","-0.32%"
"01/24/2023","187,000","187,000","187,000","187,000","","0.00%"
"01/20/2023","187,000","187,500","191,000","186,000","180.09K","-0.53%"
"01/19/2023","188,000","179,500","189,000","179,500","398.11K","5.03%"
"01/18/2023","179,000","177,500","182,000","176,000","211.55K","1.13%"
"01/17/2023","177,000","178,500","180,500","176,000","166.60K","-0.84%"
"01/16/2023","178,500","173,500","179,000","173,000","222.25K","2.29%"
"01/15/2023","174,500","174,500","174,500","174,500","","0.00%"
"01/13/2023","174,500","174,000","177,500","173,000","144.84K","0.87%"
"01/12/2023","173,000","174,500","177,000","171,500","166.60K","-0.86%"
"01/11/2023","174,500","172,000","176,000","167,000","199.86K","2.35%"
"01/10/2023","170,500","173,500","175,000","169,500","178.41K","-1.73%"
"01/09/2023","173,500","170,500","176,500","170,500","204.37K","3.27%"
"01/08/2023","168,000","168,000","168,000","168,000","","0.00%"
"01/06/2023","168,000","170,000","172,000","160,500","492.71K","-2.33%"
"01/05/2023","172,000","172,000","177,000","171,000","171.82K","0.29%"
"01/04/2023","171,500","176,500","177,000","169,000","250.02K","-2.83%"
"01/03/2023","176,500","170,000","182,000","170,000","522.01K","4.13%"
"01/02/2023","169,500","174,500","176,000","166,500","182.35K","-2.31%"
"12/29/2022","173,500","168,000","175,500","168,000","193.76K","2.06%"
"12/28/2022","170,000","170,000","171,500","166,500","174.31K","-0.29%"
"12/27/2022","170,500","173,000","175,000","168,000","201.51K","-0.58%"
"12/26/2022","171,500","173,500","174,500","169,000","190.08K","-2.00%"
"12/25/2022","175,000","175,000","175,000","175,000","","0.00%"
"12/23/2022","175,000","173,000","179,500","172,500","281.93K","0.00%"
"12/22/2022","175,000","169,500","177,000","169,000","340.31K","3.55%"
"12/21/2022","169,000","165,000","169,000","160,500","228.49K","4.00%"
"12/20/2022","162,500","167,000","168,500","161,000","166.18K","-2.69%"
"12/19/2022","167,000","164,500","169,000","162,000","202.11K","1.83%"
"12/18/2022","164,000","164,000","164,000","164,000","","0.00%"
"12/16/2022","164,000","153,500","166,500","153,000","318.50K","4.13%"
"12/15/2022","157,500","161,500","165,000","155,500","236.59K","-3.37%"
"12/14/2022","163,000","156,500","164,500","156,500","261.65K","4.82%"
"12/13/2022","155,500","157,500","159,000","154,500","179.20K","-0.96%"
"12/12/2022","157,000","155,000","162,500","154,000","247.87K","0.32%"
"12/11/2022","156,500","156,500","156,500","156,500","","0.00%"
"12/09/2022","156,500","147,500","158,500","147,000","402.17K","7.93%"
"12/08/2022","145,000","145,500","147,500","141,500","128.11K","0.00%"
"12/07/2022","145,000","144,500","149,000","143,000","113.18K","0.00%"
"12/06/2022","145,000","150,500","150,500","145,000","165.92K","-4.61%"
"12/05/2022","152,000","151,500","155,500","150,500","172.30K","0.66%"
"12/02/2022","151,000","153,500","154,000","150,000","151.89K","-1.63%"
"12/01/2022","153,500","147,000","156,000","145,500","393.14K","7.34%"
"11/30/2022","143,000","143,500","144,500","140,500","124.89K","-0.69%"
"11/29/2022","144,000","137,000","146,000","137,000","168.36K","4.35%"
"11/28/2022","138,000","139,000","140,000","135,500","113.29K","-0.72%"
"11/25/2022","139,000","142,000","144,000","138,500","137.29K","-2.80%"
"11/24/2022","143,000","142,000","144,000","139,000","134.73K","1.42%"
"11/23/2022","141,000","135,000","143,500","134,500","201.45K","6.82%"
"11/22/2022","132,000","136,500","138,500","131,500","108.13K","-4.00%"
"11/21/2022","137,500","139,500","143,000","135,500","166.35K","0.36%"
"11/18/2022","137,000","143,000","146,000","137,000","145.47K","-4.20%"
"11/17/2022","143,000","140,000","147,000","140,000","209.46K","1.78%"
"11/16/2022","140,500","140,000","142,500","138,000","162.85K","1.81%"
"11/15/2022","138,000","134,500","139,000","134,500","104.95K","1.85%"
"11/14/2022","135,500","139,500","141,000","135,000","185.46K","-3.90%"
"11/11/2022","141,000","133,500","144,000","133,000","412.09K","11.46%"
"11/10/2022","126,500","126,000","130,000","126,000","160.97K","-3.07%"
"11/09/2022","130,500","131,000","133,000","129,500","167.11K","0.77%"
"11/08/2022","129,500","125,500","129,500","123,500","173.67K","4.86%"
"11/07/2022","123,500","121,500","125,500","121,500","73.22K","0.82%"
"11/06/2022","122,500","122,500","122,500","122,500","","0.00%"
"11/04/2022","122,500","122,500","124,000","119,500","162.64K","-1.61%"
"11/03/2022","124,500","123,500","129,000","120,500","275.54K","-1.97%"
"11/02/2022","127,000","121,000","129,000","119,500","201.21K","4.10%"
"11/01/2022","122,000","121,000","124,000","120,000","140.47K","0.83%"
"10/31/2022","121,000","121,500","123,000","118,500","146.96K","1.68%"
"10/30/2022","119,000","119,000","119,000","119,000","","0.00%"
"10/28/2022","119,000","119,000","123,500","118,000","158.11K","0.00%"
"10/27/2022","119,000","117,000","121,000","116,500","146.66K","3.48%"
"10/26/2022","115,000","118,000","119,500","115,000","119.53K","-2.54%"
"10/25/2022","118,000","114,500","119,000","113,500","179.24K","4.42%"
"10/24/2022","113,000","114,500","116,500","112,500","152.30K","0.44%"
"10/23/2022","112,500","112,500","112,500","112,500","","0.00%"
"10/21/2022","112,500","111,000","113,000","108,500","215.91K","-0.44%"
"10/20/2022","113,000","118,500","119,000","111,500","308.71K","-4.64%"
"10/19/2022","118,500","121,500","125,000","118,000","237.11K","-1.66%"
"10/18/2022","120,500","116,500","124,000","115,500","559.11K","4.78%"
"10/17/2022","115,000","113,500","117,000","109,500","338.00K","-2.54%"
"10/16/2022","118,000","118,000","118,000","118,000","","0.00%"
"10/14/2022","118,000","111,500","119,000","111,500","435.20K","7.76%"
"10/13/2022","109,500","113,000","114,000","107,000","393.44K","-4.37%"
"10/12/2022","114,500","116,500","118,500","111,000","418.75K","-3.38%"
"10/11/2022","118,500","119,000","120,500","114,500","324.78K","-3.66%"
"10/10/2022","123,000","123,000","123,000","123,000","","0.00%"
"10/07/2022","123,000","129,500","130,000","121,000","363.17K","-6.11%"
"10/06/2022","131,000","129,500","133,000","129,000","151.17K","0.77%"
"10/05/2022","130,000","137,000","137,500","127,000","298.48K","-3.35%"
"10/04/2022","134,500","137,000","138,000","134,000","135.20K","-0.37%"
"09/30/2022","135,000","130,000","136,000","129,500","172.87K","2.27%"
"09/29/2022","132,000","131,500","137,000","130,500","217.19K","1.54%"
"09/28/2022","130,000","138,000","139,000","129,000","321.07K","-7.14%"
"09/27/2022","140,000","140,500","142,000","137,000","218.84K","-0.71%"
"09/26/2022","141,000","141,000","145,500","138,500","204.30K","-2.08%"
"09/25/2022","144,000","144,000","144,000","144,000","","0.00%"
"09/23/2022","144,000","147,000","149,000","143,000","144.09K","-3.36%"
"09/22/2022","149,000","152,000","153,000","146,000","197.27K","-4.18%"
"09/21/2022","155,500","156,500","159,500","153,500","130.62K","-1.27%"
"09/20/2022","157,500","158,500","161,500","157,000","116.28K","0.00%"
"09/19/2022","157,500","158,000","164,000","156,500","291.89K","2.27%"
"09/18/2022","154,000","154,000","154,000","154,000","","0.00%"
"09/16/2022","154,000","155,500","158,000","153,500","119.97K","-0.96%"
"09/15/2022","155,500","158,500","159,000","154,500","141.47K","-1.89%"
"09/14/2022","158,500","154,500","160,000","153,500","171.68K","-2.16%"
"09/13/2022","162,000","161,000","165,000","160,500","197.19K","2.53%"
"09/08/2022","158,000","158,000","161,000","157,500","160.49K","0.00%"
"09/07/2022","158,000","158,500","161,000","155,000","239.65K","-1.56%"
"09/06/2022","160,500","168,000","170,000","160,000","300.01K","-4.18%"
"09/05/2022","167,500","167,000","175,000","167,000","187.57K","-0.59%"
"09/04/2022","168,500","168,500","168,500","168,500","","0.00%"
"09/02/2022","168,500","168,000","174,000","167,000","238.62K","1.20%"
"09/01/2022","166,500","178,500","178,500","165,500","417.30K","-8.26%"
"08/31/2022","181,500","168,000","183,000","167,000","480.35K","6.76%"
"08/30/2022","170,000","165,000","170,500","165,000","183.21K","3.34%"
"08/29/2022","164,500","167,000","171,500","164,500","316.75K","-6.27%"
"08/28/2022","175,500","175,500","175,500","175,500","","0.00%"
"08/26/2022","175,500","174,500","177,500","172,500","152.14K","1.15%"
"08/25/2022","173,500","176,000","178,500","172,500","196.24K","-1.42%"
"08/24/2022","176,000","173,000","176,500","169,000","195.59K","2.03%"
"08/23/2022","172,500","182,000","182,500","172,000","355.54K","-6.25%"
"08/22/2022","184,000","183,000","187,000","181,000","165.14K","-1.34%"
"08/21/2022","186,500","186,500","186,500","186,500","","0.00%"
"08/19/2022","186,500","188,500","196,000","185,000","371.45K","-0.80%"
"08/18/2022","188,000","183,500","189,500","180,000","233.56K","1.08%"
"08/17/2022","186,000","187,000","190,000","183,500","230.82K","-0.53%"
"08/16/2022","187,000","184,500","190,500","183,000","277.53K","2.19%"
"08/15/2022","183,000","183,000","183,000","183,000","","0.00%"
"08/12/2022","183,000","181,500","185,000","180,000","202.09K","1.39%"
"08/11/2022","180,500","181,000","181,500","177,500","165.42K","1.98%"
"08/10/2022","177,000","184,500","186,000","176,000","237.49K","-3.80%"
"08/09/2022","184,000","177,000","186,000","176,000","303.30K","3.66%"
"08/08/2022","177,500","175,500","179,000","174,000","152.43K","1.43%"
"08/07/2022","175,000","175,000","175,000","175,000","","0.00%"
"08/05/2022","175,000","174,000","176,000","171,000","134.25K","0.86%"
"08/04/2022","173,500","173,500","178,000","171,500","319.22K","1.76%"
"08/03/2022","170,500","166,000","173,500","164,000","329.86K","3.02%"
"08/02/2022","165,500","174,000","174,000","161,000","519.88K","-4.61%"
"08/01/2022","173,500","176,000","188,000","172,500","510.20K","-1.14%"
"07/31/2022","175,500","175,500","175,500","175,500","","0.00%"
"07/29/2022","175,500","172,500","179,500","170,500","340.09K","3.54%"
"07/28/2022","169,500","169,000","173,000","164,000","335.01K","1.19%"
"07/27/2022","167,500","171,000","173,000","167,000","219.03K","-2.62%"
"07/26/2022","172,000","177,000","178,000","171,000","334.45K","-2.55%"
"07/25/2022","176,500","167,000","178,500","164,500","466.63K","5.69%"
"07/22/2022","167,000","158,500","170,000","157,000","519.05K","6.37%"
"07/21/2022","157,000","152,500","158,500","152,000","174.08K","2.61%"
"07/20/2022","153,000","155,500","158,000","151,000","183.30K","0.33%"
"07/19/2022","152,500","153,000","154,000","150,500","159.71K","-1.29%"
"07/18/2022","154,500","158,500","159,000","150,000","190.62K","-1.28%"
"07/15/2022","156,500","163,500","164,500","156,000","178.10K","-4.28%"
"07/14/2022","163,500","156,500","165,000","156,500","230.96K","3.15%"
"07/13/2022","158,500","156,000","161,000","155,000","130.01K","1.60%"
"07/12/2022","156,000","158,000","160,000","152,500","187.61K","-2.19%"
"07/11/2022","159,500","166,000","168,500","158,500","216.52K","-3.04%"
"07/10/2022","164,500","164,500","164,500","164,500","","0.00%"
"07/08/2022","164,500","160,500","170,500","158,500","426.40K","3.79%"
"07/07/2022","158,500","151,000","164,500","150,500","404.29K","6.02%"
"07/06/2022","149,500","149,000","156,000","147,000","362.49K","-0.33%"
"07/05/2022","150,000","142,500","150,500","142,000","286.13K","5.63%"
"07/04/2022","142,000","142,500","146,500","139,500","254.73K","1.43%"
"07/01/2022","140,000","146,500","148,000","139,000","250.83K","-3.78%"
"06/30/2022","145,500","147,500","152,000","144,000","246.30K","-2.02%"
"06/29/2022","148,500","144,000","150,000","143,500","230.71K","1.02%"
"06/28/2022","147,000","151,000","151,000","142,500","535.50K","-3.29%"
"06/27/2022","152,000","150,000","154,000","144,000","392.97K","2.70%"
"06/26/2022","148,000","148,000","148,000","148,000","","0.00%"
"06/24/2022","148,000","141,000","149,500","140,500","404.24K","6.09%"
"06/23/2022","139,500","138,000","146,000","138,000","551.36K","0.00%"
"06/22/2022","139,500","152,000","152,500","139,500","471.68K","-6.69%"
"06/21/2022","149,500","150,000","151,500","139,500","503.50K","0.00%"
"06/20/2022","149,500","151,500","152,000","145,500","480.65K","0.67%"
"06/19/2022","148,500","148,500","148,500","148,500","","0.00%"
"06/17/2022","148,500","141,000","153,000","140,500","872.49K","0.34%"
"06/16/2022","148,000","148,000","158,000","139,000","2.69M","2.07%"
"06/15/2022","145,000","168,000","168,500","139,000","4.19M","-24.87%"
"06/14/2022","193,000","192,000","196,000","184,500","495.42K","-3.02%"
"06/13/2022","199,000","216,000","217,500","198,500","448.57K","-10.96%"
"06/12/2022","223,500","223,500","223,500","223,500","","0.00%"
"06/10/2022","223,500","223,500","225,500","220,000","159.06K","-1.76%"
"06/09/2022","227,500","222,000","228,000","221,000","194.89K","2.48%"
"06/08/2022","222,000","221,500","226,000","220,000","101.79K","0.23%"
"06/07/2022","221,500","229,500","230,000","220,000","144.97K","-2.85%"
"06/06/2022","228,000","228,000","228,000","228,000","","0.00%"
"06/03/2022","228,000","229,000","232,000","227,500","137.27K","0.44%"
"06/02/2022","227,000","232,000","232,500","224,500","136.56K","-1.73%"
"06/01/2022","231,000","231,000","231,000","231,000","","0.00%"
"05/31/2022","231,000","228,000","233,000","225,500","240.94K","1.32%"
"05/30/2022","228,000","222,500","228,000","220,500","211.85K","4.35%"
"05/27/2022","218,500","219,500","226,500","215,500","252.56K","1.86%"
"05/26/2022","214,500","220,000","221,500","213,500","133.14K","-2.28%"
"05/25/2022","219,500","216,500","221,000","216,000","124.04K","1.86%"
"05/24/2022","215,500","221,000","221,000","215,000","113.33K","-2.49%"
"05/23/2022","221,000","220,500","221,500","217,500","129.88K","0.00%"
"05/22/2022","221,000","221,000","221,000","221,000","","0.00%"
"05/20/2022","221,000","219,000","221,000","213,000","275.71K","1.14%"
"05/19/2022","218,500","212,000","221,500","212,000","144.14K","-0.68%"
"05/18/2022","220,000","222,500","226,500","219,500","204.52K","0.46%"
"05/17/2022","219,000","215,000","222,000","215,000","130.09K","1.62%"
"05/16/2022","215,500","216,500","222,000","213,000","182.52K","0.23%"
"05/15/2022","215,000","215,000","215,000","215,000","","0.00%"
"05/13/2022","215,000","213,000","218,000","211,500","244.76K","0.94%"
"05/12/2022","213,000","221,500","225,000","211,500","402.16K","-6.58%"
"05/11/2022","228,000","230,000","234,000","226,000","170.59K","-1.08%"
"05/10/2022","230,500","229,500","233,000","219,000","348.07K","-2.12%"
"05/09/2022","235,500","238,000","240,000","233,500","183.15K","-2.28%"
"05/06/2022","241,000","245,000","249,000","240,000","196.52K","-2.43%"
"05/05/2022","247,000","247,000","247,000","247,000","","0.00%"
"05/04/2022","247,000","255,000","256,000","245,000","272.14K","-2.56%"
"05/03/2022","253,500","253,500","257,000","251,500","153.05K","0.40%"
"05/02/2022","252,500","247,500","253,500","244,500","145.44K","0.40%"
"05/01/2022","251,500","251,500","251,500","251,500","","0.00%"
"04/29/2022","251,500","259,500","260,500","251,000","222.47K","-2.90%"
"04/28/2022","259,000","263,000","263,500","256,000","147.33K","-0.58%"
"04/27/2022","260,500","253,500","264,000","251,000","254.89K","0.00%"
"04/26/2022","260,500","253,000","264,000","253,000","251.46K","3.99%"
"04/25/2022","250,500","248,500","257,000","246,500","165.26K","-1.57%"
"04/24/2022","254,500","254,500","254,500","254,500","","0.00%"
"04/22/2022","254,500","260,000","260,000","253,500","218.76K","-2.49%"
"04/21/2022","261,000","263,000","267,000","257,500","233.26K","-1.14%"
"04/20/2022","264,000","281,500","281,500","263,500","465.09K","-5.71%"
"04/19/2022","280,000","280,500","283,500","279,000","120.36K","0.18%"
"04/18/2022","279,500","293,500","293,500","279,000","264.95K","-4.93%"
"04/17/2022","294,000","294,000","294,000","294,000","","0.00%"
"04/15/2022","294,000","294,000","300,000","287,500","124.33K","-1.01%"
"04/14/2022","297,000","299,000","299,500","292,000","193.88K","-1.49%"
"04/13/2022","301,500","287,000","302,500","286,000","317.66K","6.35%"
"04/12/2022","283,500","279,000","285,000","276,500","179.45K","0.53%"
"04/11/2022","282,000","286,500","295,000","281,000","253.90K","-0.53%"
"04/10/2022","283,500","283,500","283,500","283,500","","0.00%"
"04/08/2022","283,500","293,500","296,500","282,000","271.04K","-2.24%"
"04/07/2022","290,000","295,000","303,500","289,500","269.21K","-3.33%"
"04/06/2022","300,000","308,000","311,000","299,000","264.21K","-3.69%"
"04/05/2022","311,500","313,500","317,500","306,500","181.53K","-0.64%"
"04/04/2022","313,500","333,000","334,500","308,500","559.44K","-2.94%"
"04/03/2022","323,000","323,000","323,000","323,000","","0.00%"
"04/01/2022","323,000","307,500","329,500","304,000","703.12K","4.36%"
"03/31/2022","309,500","310,000","313,500","307,500","148.35K","0.00%"
"03/30/2022","309,500","302,500","312,000","299,500","296.08K","3.51%"
"03/29/2022","299,000","298,500","303,000","297,000","110.32K","1.01%"
"03/28/2022","296,000","301,000","301,500","292,500","155.28K","-1.66%"
"03/27/2022","301,000","301,000","301,000","301,000","","0.00%"
"03/25/2022","301,000","301,000","303,000","297,500","148.44K","0.33%"
"03/24/2022","300,000","297,500","301,000","293,500","156.06K","0.84%"
"03/23/2022","297,500","294,500","306,000","292,000","399.63K","2.94%"
"03/22/2022","289,000","283,000","289,000","282,000","156.39K","2.48%"
"03/21/2022","282,000","287,000","289,500","281,000","122.98K","-1.23%"
"03/20/2022","285,500","285,500","285,500","285,500","","0.00%"
"03/18/2022","285,500","281,500","287,000","281,000","210.59K","1.96%"
"03/17/2022","280,000","279,000","285,500","279,000","218.27K","2.56%"
"03/16/2022","273,000","277,000","278,000","269,500","190.13K","0.00%"
"03/15/2022","273,000","284,000","284,500","270,500","210.97K","-4.21%"
"03/14/2022","285,000","286,500","289,500","280,000","205.49K","0.35%"
"03/11/2022","284,000","287,000","289,500","282,000","223.09K","-0.35%"
"03/10/2022","285,000","280,500","287,000","279,000","240.76K","4.01%"
"03/08/2022","274,000","273,000","276,500","270,000","177.00K","-0.90%"
"03/07/2022","276,500","270,500","280,500","270,000","174.36K","-0.54%"
"03/06/2022","278,000","278,000","278,000","278,000","","0.00%"
"03/04/2022","278,000","278,000","281,000","273,000","201.87K","-0.18%"
"03/03/2022","278,500","287,500","288,000","277,000","328.72K","-2.79%"
"03/02/2022","286,500","286,500","289,500","282,000","165.00K","-0.69%"
"03/01/2022","288,500","288,500","288,500","288,500","","0.00%"
"02/28/2022","288,500","285,000","289,500","280,500","228.75K","0.70%"
"02/27/2022","286,500","286,500","286,500","286,500","","0.00%"
"02/25/2022","286,500","289,500","292,000","282,000","303.28K","1.24%"
"02/24/2022","283,000","279,500","289,000","277,000","456.84K","0.53%"
"02/23/2022","281,500","282,500","289,500","280,500","531.61K","2.93%"
"02/22/2022","273,500","270,000","284,000","270,000","542.04K","-0.73%"
"02/21/2022","275,500","259,000","276,500","257,500","475.21K","4.95%"
"02/20/2022","262,500","262,500","262,500","262,500","","0.00%"
"02/18/2022","262,500","255,500","265,000","255,000","232.88K","0.96%"
"02/17/2022","260,000","260,000","268,500","254,000","465.98K","1.36%"
"02/16/2022","256,500","245,000","258,500","241,500","305.40K","7.32%"
"02/15/2022","239,000","254,000","254,500","237,000","294.72K","-5.91%"
"02/14/2022","254,000","247,500","256,000","243,000","165.99K","0.79%"
"02/13/2022","252,000","252,000","252,000","252,000","","0.00%"
"02/11/2022","252,000","250,000","258,000","245,500","182.87K","-1.18%"
"02/10/2022","255,000","261,000","265,000","253,000","203.27K","-1.16%"
"02/09/2022","258,000","264,000","265,000","255,500","177.12K","-0.19%"
"02/08/2022","258,500","252,000","268,000","251,500","351.17K","3.61%"
"02/07/2022","249,500","262,500","262,500","246,000","329.95K","-4.04%"
"02/06/2022","260,000","260,000","260,000","260,000","","0.00%"
"02/04/2022","260,000","235,000","264,500","235,000","349.88K","9.24%"
"02/03/2022","238,000","244,500","247,000","237,500","205.63K","0.42%"
"01/28/2022","237,000","244,500","244,500","229,500","406.30K","-1.86%"
"01/27/2022","241,500","250,000","255,000","241,500","306.28K","-3.98%"
"01/26/2022","251,500","271,500","272,500","251,000","425.53K","-7.20%"
"01/25/2022","271,000","280,000","281,500","269,000","178.63K","-2.17%"
"01/24/2022","277,000","283,500","285,000","275,000","191.94K","-2.81%"
"01/23/2022","285,000","285,000","285,000","285,000","","0.00%"
"01/21/2022","285,000","286,000","293,500","281,000","248.66K","-1.04%"
"01/20/2022","288,000","275,500","289,000","275,000","261.86K","4.92%"
"01/19/2022","274,500","273,000","276,500","267,000","267.25K","-1.08%"
"01/18/2022","277,500","280,000","284,500","276,500","149.63K","-0.89%"
"01/17/2022","280,000","281,000","286,500","278,000","140.75K","-1.41%"
"01/16/2022","284,000","284,000","284,000","284,000","","0.00%"
"01/14/2022","284,000","284,500","285,000","276,500","281.20K","-2.57%"
"01/13/2022","291,500","298,500","299,000","288,000","178.50K","-1.85%"
"01/12/2022","297,000","295,500","302,500","293,000","221.53K","2.77%"
"01/11/2022","289,000","294,000","300,500","288,000","207.42K","-2.20%"
"01/10/2022","295,500","302,000","302,000","289,000","274.33K","-2.31%"
"01/09/2022","302,500","302,500","302,500","302,500","","0.00%"
"01/07/2022","302,500","302,500","307,500","300,500","220.90K","1.34%"
"01/06/2022","298,500","308,000","308,500","296,500","456.28K","-4.94%"
"01/05/2022","314,000","332,500","336,000","310,500","498.19K","-6.96%"
"01/04/2022","337,500","350,500","351,500","336,000","220.97K","-3.71%"
"01/03/2022","350,500","352,000","360,500","349,000","179.30K","0.43%"
"12/30/2021","349,000","350,000","356,000","345,500","142.37K","-0.14%"
"12/29/2021","349,500","364,000","364,000","346,500","333.56K","-2.37%"
"12/28/2021","358,000","341,500","362,000","341,500","483.87K","4.99%"
"12/27/2021","341,000","338,000","343,000","335,500","152.74K","0.15%"
"12/26/2021","340,500","340,500","340,500","340,500","","0.00%"
"12/24/2021","340,500","341,000","345,000","339,500","125.17K","-0.15%"
"12/23/2021","341,000","346,000","347,500","339,500","152.92K","0.00%"
"12/22/2021","341,000","340,000","345,000","334,500","196.43K","1.19%"
"12/21/2021","337,000","325,500","338,500","323,000","186.28K","3.69%"
"12/20/2021","325,000","331,000","338,000","324,500","140.75K","-1.81%"
"12/19/2021","331,000","331,000","331,000","331,000","","0.00%"
"12/17/2021","331,000","329,500","334,500","328,500","107.05K","-0.60%"
"12/16/2021","333,000","338,000","338,000","330,500","107.61K","0.15%"
"12/15/2021","332,500","328,500","336,000","328,500","117.52K","0.30%"
"12/14/2021","331,500","332,000","339,000","329,000","206.92K","-1.78%"
"12/13/2021","337,500","351,500","353,000","336,500","268.21K","-4.12%"
"12/12/2021","352,000","352,000","352,000","352,000","","0.00%"
"12/10/2021","352,000","350,000","356,500","345,000","195.53K","-0.71%"
"12/09/2021","354,500","345,500","361,000","344,500","538.87K","3.96%"
"12/08/2021","341,000","344,000","348,500","337,500","363.03K","0.44%"
"12/07/2021","339,500","340,000","344,500","336,000","212.67K","1.34%"
"12/06/2021","335,000","347,500","349,500","334,000","363.49K","-5.50%"
"12/05/2021","354,500","354,500","354,500","354,500","","0.00%"
"12/03/2021","354,500","333,500","358,500","330,000","543.05K","7.42%"
"12/02/2021","330,000","344,000","346,000","328,500","504.51K","-6.38%"
"12/01/2021","352,500","365,000","369,500","342,500","407.43K","-3.29%"
"11/30/2021","364,500","377,500","380,000","357,500","529.94K","-1.22%"
"11/29/2021","369,000","360,500","386,500","360,000","368.66K","-0.81%"
"11/28/2021","372,000","372,000","372,000","372,000","","0.00%"
"11/26/2021","372,000","388,500","393,500","366,000","355.66K","-3.50%"
"11/25/2021","385,500","382,500","394,000","382,000","234.57K","-0.13%"
"11/24/2021","386,000","390,000","394,000","374,000","316.35K","-1.66%"
"11/23/2021","392,500","390,500","406,000","382,000","286.92K","0.00%"
"11/22/2021","392,500","395,000","397,500","370,000","564.26K","-2.00%"
"11/21/2021","400,500","400,500","400,500","400,500","","0.00%"
"11/19/2021","400,500","413,000","416,000","400,000","326.89K","-2.91%"
"11/18/2021","412,500","414,000","419,000","395,000","378.31K","-0.36%"
"11/17/2021","414,000","418,000","421,500","408,500","297.54K","0.00%"
"11/16/2021","414,000","410,000","418,000","404,500","316.68K","1.72%"
"11/15/2021","407,000","398,500","413,500","396,500","265.85K","2.65%"
"11/14/2021","396,500","396,500","396,500","396,500","","0.00%"
"11/12/2021","396,500","393,000","401,500","389,000","310.56K","1.93%"
"11/11/2021","389,000","379,000","390,500","378,000","277.55K","1.04%"
"11/10/2021","385,000","390,500","396,500","377,000","350.03K","-1.03%"
"11/09/2021","389,000","390,000","394,500","383,000","321.78K","-0.89%"
"11/08/2021","392,500","383,500","397,500","380,500","426.82K","2.35%"
"11/05/2021","383,500","360,500","388,000","357,000","805.39K","7.57%"
"11/04/2021","356,500","354,000","372,500","340,000","937.92K","2.89%"
"11/03/2021","346,500","349,000","356,000","341,000","263.08K","-0.43%"
"11/02/2021","348,000","352,500","358,500","345,000","318.35K","-0.14%"
"11/01/2021","348,500","340,000","350,000","338,000","414.70K","4.03%"
"10/31/2021","335,000","335,000","335,000","335,000","","0.00%"
"10/29/2021","335,000","337,500","342,000","330,500","245.88K","0.45%"
"10/28/2021","333,500","346,000","349,000","330,500","453.03K","-4.30%"
"10/27/2021","348,500","343,000","349,500","337,000","427.43K","1.90%"
"10/26/2021","342,000","328,000","347,000","325,500","713.68K","4.91%"
"10/25/2021","326,000","324,500","329,500","319,000","247.60K","0.31%"
"10/24/2021","325,000","325,000","325,000","325,000","","0.00%"
"10/22/2021","325,000","331,000","334,000","316,000","484.64K","-1.66%"
"10/21/2021","330,500","321,500","335,500","315,000","533.05K","3.44%"
"10/20/2021","319,500","326,000","338,000","315,000","767.21K","-0.78%"
"10/19/2021","322,000","309,000","324,500","306,500","502.26K","5.57%"
"10/18/2021","305,000","307,500","310,500","303,500","331.25K","-0.49%"
"10/17/2021","306,500","306,500","306,500","306,500","","0.00%"
"10/15/2021","306,500","290,000","308,500","290,000","753.83K","6.24%"
"10/14/2021","288,500","274,500","288,500","273,500","256.70K","5.10%"
"10/13/2021","274,500","272,500","279,500","272,500","103.97K","-0.36%"
"10/12/2021","275,500","281,000","282,000","272,000","160.98K","-1.96%"
"10/11/2021","281,000","281,000","281,000","281,000","","0.00%"
"10/08/2021","281,000","291,500","295,000","280,500","239.25K","-3.60%"
"10/07/2021","291,500","286,000","296,500","285,000","254.72K","3.00%"
"10/06/2021","283,000","297,000","297,500","283,000","232.17K","-3.41%"
"10/05/2021","293,000","288,000","300,000","288,000","359.90K","0.51%"
"10/04/2021","291,500","291,500","291,500","291,500","","0.00%"
"10/01/2021","291,500","299,500","302,000","287,000","324.53K","-2.35%"
"09/30/2021","298,500","290,000","302,500","289,000","490.25K","4.01%"
"09/29/2021","287,000","276,500","289,000","276,500","225.38K","1.23%"
"09/28/2021","283,500","287,500","294,500","281,500","414.23K","1.98%"
"09/27/2021","278,000","268,000","283,000","268,000","198.50K","3.73%"
"09/26/2021","268,000","268,000","268,000","268,000","","0.00%"
"09/24/2021","268,000","271,000","275,500","267,500","119.76K","-0.92%"
"09/23/2021","270,500","276,000","279,500","270,500","142.92K","-2.17%"
"09/22/2021","276,500","276,500","276,500","276,500","","0.00%"
"09/17/2021","276,500","276,000","278,000","270,000","223.55K","0.00%"
"09/16/2021","276,500","283,000","283,000","274,500","112.85K","-1.07%"
"09/15/2021","279,500","282,000","286,500","279,500","134.58K","-1.41%"
"09/14/2021","283,500","267,000","285,000","267,000","401.30K","7.39%"
"09/13/2021","264,000","265,500","273,500","260,500","192.75K","-2.04%"
"09/12/2021","269,500","269,500","269,500","269,500","","0.00%"
"09/10/2021","269,500","276,500","279,500","251,000","740.40K","-3.06%"
"09/09/2021","278,000","280,000","283,500","276,000","132.34K","-0.71%"
"09/08/2021","280,000","286,000","287,000","278,500","129.68K","-2.10%"
"09/07/2021","286,000","286,500","288,000","284,500","92.24K","-0.17%"
"09/06/2021","286,500","280,500","288,000","279,500","128.93K","1.96%"
"09/03/2021","281,000","284,500","284,500","279,500","114.11K","0.18%"
"09/02/2021","280,500","287,000","287,000","280,500","124.19K","-1.92%"
"09/01/2021","286,000","288,500","291,000","285,000","97.94K","-1.21%"
"08/31/2021","289,500","286,500","290,500","280,500","181.44K","1.22%"
"08/30/2021","286,000","289,500","291,500","286,000","107.18K","0.53%"
"08/27/2021","284,500","286,500","288,000","283,000","90.08K","-0.87%"
"08/26/2021","287,000","287,500","289,500","285,000","92.40K","0.53%"
"08/25/2021","285,500","288,500","290,000","283,500","99.68K","-1.04%"
"08/24/2021","288,500","286,000","292,000","286,000","131.19K","1.76%"
"08/23/2021","283,500","274,500","284,500","274,500","139.42K","3.47%"
"08/22/2021","274,000","274,000","274,000","274,000","","0.00%"
"08/20/2021","274,000","284,000","290,500","267,500","372.14K","-3.86%"
"08/19/2021","285,000","290,500","294,000","285,000","154.11K","-2.73%"
"08/18/2021","293,000","289,500","295,000","282,000","172.83K","0.51%"
"08/17/2021","291,500","299,500","303,500","289,000","219.78K","-2.51%"
"08/16/2021","299,000","299,000","299,000","299,000","","0.00%"
"08/13/2021","299,000","301,000","303,000","296,500","157.85K","-1.48%"
"08/12/2021","303,500","304,000","305,500","299,500","158.35K","0.83%"
"08/11/2021","301,000","312,500","313,000","299,000","238.21K","-3.99%"
"08/10/2021","313,500","308,000","316,000","306,500","258.07K","1.79%"
"08/09/2021","308,000","307,500","311,500","304,000","188.16K","-0.65%"
"08/08/2021","310,000","310,000","310,000","310,000","","0.00%"
"08/06/2021","310,000","303,500","310,500","298,000","324.56K","3.85%"
"08/05/2021","298,500","297,000","300,500","295,500","161.75K","1.02%"
"08/04/2021","295,500","291,500","297,500","290,000","130.76K","1.37%"
"08/03/2021","291,500","295,000","301,000","289,000","208.92K","-1.02%"
"08/02/2021","294,500","292,500","299,000","291,000","195.70K","1.73%"
"08/01/2021","289,500","289,500","289,500","289,500","","0.00%"
"07/30/2021","289,500","296,500","297,000","289,500","230.23K","-2.53%"
"07/29/2021","297,000","299,500","302,000","295,000","158.80K","-0.67%"
"07/28/2021","299,000","299,000","303,500","297,500","151.98K","0.17%"
"07/27/2021","298,500","301,000","302,000","296,500","127.84K","-0.17%"
"07/26/2021","299,000","305,000","307,000","298,500","168.16K","-1.32%"
"07/25/2021","303,000","303,000","303,000","303,000","","0.00%"
"07/23/2021","303,000","300,500","306,500","299,000","193.93K","0.50%"
"07/22/2021","301,500","301,500","306,500","298,500","252.93K","1.01%"
"07/21/2021","298,500","311,000","312,000","296,500","386.11K","-2.45%"
"07/20/2021","306,000","311,500","318,500","299,000","479.10K","-2.86%"
"07/19/2021","315,000","317,000","317,500","310,500","207.60K","-0.79%"
"07/18/2021","317,500","317,500","317,500","317,500","","0.00%"
"07/16/2021","317,500","319,000","319,000","314,500","225.62K","-0.63%"
"07/15/2021","319,500","320,000","322,000","315,500","236.13K","0.16%"
"07/14/2021","319,000","312,000","323,000","309,000","528.18K","3.24%"
"07/13/2021","309,000","306,500","315,000","306,000","404.02K","0.65%"
"07/12/2021","307,000","310,000","314,500","302,500","384.81K","-0.32%"
"07/11/2021","308,000","308,000","308,000","308,000","","0.00%"
"07/09/2021","308,000","291,500","310,000","289,000","660.65K","4.76%"
"07/08/2021","294,000","298,500","301,500","290,000","367.22K","-1.18%"
"07/07/2021","297,500","303,000","304,000","297,000","366.90K","-1.49%"
"07/06/2021","302,000","307,500","308,500","300,500","318.23K","-1.47%"
"07/05/2021","306,500","306,000","315,000","303,000","436.06K","1.16%"
"07/04/2021","303,000","303,000","303,000","303,000","","0.00%"
"07/02/2021","303,000","302,000","305,500","296,500","652.45K","0.33%"
"07/01/2021","302,000","293,500","304,500","292,500","731.63K","3.25%"
"06/30/2021","292,500","290,500","298,500","289,000","996.88K","1.21%"
"06/29/2021","289,000","288,500","294,500","286,500","1.95M","-7.37%"
"06/28/2021","312,000","310,500","317,000","307,500","262.11K","-0.64%"
"06/27/2021","314,000","314,000","314,000","314,000","","0.00%"
"06/25/2021","314,000","326,000","326,500","312,000","352.93K","-2.48%"
"06/24/2021","322,000","326,000","329,500","317,500","373.11K","0.16%"
"06/23/2021","321,500","334,500","337,000","318,500","673.93K","-0.92%"
"06/22/2021","324,500","311,000","324,500","311,000","543.67K","5.36%"
"06/21/2021","308,000","313,000","321,000","299,500","552.88K","-1.60%"
"06/20/2021","313,000","313,000","313,000","313,000","","0.00%"
"06/18/2021","313,000","298,500","326,500","297,500","1.25M","5.39%"
"06/17/2021","297,000","292,000","301,000","289,000","465.56K","1.71%"
"06/16/2021","292,000","290,500","298,000","287,000","426.24K","1.04%"
"06/15/2021","289,000","285,000","293,000","279,500","409.55K","2.48%"
"06/14/2021","282,000","277,000","286,000","276,500","450.05K","2.36%"
"06/13/2021","275,500","275,500","275,500","275,500","","0.00%"
"06/11/2021","275,500","272,500","277,500","271,500","305.32K","1.10%"
"06/10/2021","272,500","262,000","279,000","261,500","837.85K","4.01%"
"06/09/2021","262,000","265,000","265,000","261,000","165.29K","-1.13%"
"06/08/2021","265,000","265,000","267,000","263,500","152.43K","-0.19%"
"06/07/2021","265,500","267,000","268,000","261,000","152.49K","-0.19%"
"06/04/2021","266,000","268,500","269,000","260,000","283.20K","-1.30%"
"06/03/2021","269,500","264,000","274,000","262,500","404.54K","2.28%"
"06/02/2021","263,500","263,000","266,500","261,500","203.05K","0.96%"
"06/01/2021","261,000","266,000","266,500","258,000","182.15K","-1.51%"
"05/31/2021","265,000","263,500","267,000","261,500","223.33K","1.53%"
"05/30/2021","261,000","261,000","261,000","261,000","","0.00%"
"05/28/2021","261,000","255,000","263,000","254,500","272.19K","3.16%"
"05/27/2021","253,000","259,500","260,000","252,000","1.02M","-2.32%"
"05/26/2021","259,000","261,500","264,000","256,500","255.12K","-0.58%"
"05/25/2021","260,500","265,000","266,000","255,000","305.55K","-1.14%"
"05/24/2021","263,500","263,000","272,000","261,000","490.08K","0.76%"
"05/23/2021","261,500","261,500","261,500","261,500","","0.00%"
"05/21/2021","261,500","268,000","272,000","257,500","355.55K","-1.69%"
"05/20/2021","266,000","261,000","266,000","255,000","339.70K","2.11%"
"05/19/2021","260,500","260,500","260,500","260,500","","0.00%"
"05/18/2021","260,500","250,000","260,500","249,000","393.88K","4.83%"
"05/17/2021","248,500","242,500","248,500","242,500","142.58K","2.47%"
"05/16/2021","242,500","242,500","242,500","242,500","","0.00%"
"05/14/2021","242,500","245,000","245,000","241,000","148.86K","0.83%"
"05/13/2021","240,500","242,000","246,000","238,000","247.08K","-2.24%"
"05/12/2021","246,000","259,000","264,000","244,500","379.83K","-5.02%"
"05/11/2021","259,000","258,000","261,000","253,500","193.29K","0.19%"
"05/10/2021","258,500","255,500","262,000","253,500","255.66K","2.38%"
"05/09/2021","252,500","252,500","252,500","252,500","","0.00%"
"05/07/2021","252,500","253,500","256,000","249,000","193.28K","0.60%"
"05/06/2021","251,000","240,000","251,000","237,000","263.00K","4.80%"
"05/05/2021","239,500","239,500","239,500","239,500","","0.00%"
"05/04/2021","239,500","237,000","240,500","234,000","194.27K","1.27%"
"05/03/2021","236,500","243,000","245,000","234,000","194.06K","-2.67%"
"05/02/2021","243,000","243,000","243,000","243,000","","0.00%"
"04/30/2021","243,000","244,500","249,000","240,000","182.37K","-0.21%"
"04/29/2021","243,500","247,000","247,500","242,000","174.99K","-0.20%"
"04/28/2021","244,000","257,000","258,500","242,000","409.36K","-4.69%"
"04/27/2021","256,000","260,000","264,500","255,000","233.38K","-1.16%"
"04/26/2021","259,000","260,000","262,500","255,500","215.60K","0.19%"
"04/23/2021","258,500","256,000","261,500","251,500","283.51K","1.37%"
"04/22/2021","255,000","246,000","256,000","245,500","444.60K","5.37%"
"04/21/2021","242,000","242,000","246,500","241,000","229.61K","0.00%"
"04/20/2021","242,000","241,000","247,500","239,500","214.42K","0.21%"
"04/19/2021","241,500","250,000","254,000","240,500","345.79K","-3.01%"
"04/18/2021","249,000","249,000","249,000","249,000","","0.00%"
"04/16/2021","249,000","253,500","255,500","242,500","437.81K","0.61%"
"04/15/2021","247,500","225,225","252,450","225,225","1.26M","6.16%"
"04/14/2021","233,145","239,085","244,530","229,680","1.02M","-6.73%"
"04/13/2021","249,975","252,945","255,915","248,985","317.51K","0.00%"
"04/12/2021","249,975","253,440","259,875","247,500","458.94K","-3.11%"
"04/11/2021","258,000","258,000","258,000","258,000","","1.01%"
"04/09/2021","255,420","265,320","269,280","254,430","510.94K","-3.37%"
"04/08/2021","264,330","275,220","282,150","262,350","635.22K","-3.26%"
"04/07/2021","273,240","259,380","276,705","253,935","1.04M","6.56%"
"04/06/2021","256,410","250,470","261,855","248,985","926.55K","4.44%"
"04/05/2021","245,520","252,450","262,350","241,065","1.67M","1.04%"
"04/04/2021","243,000","243,000","243,000","243,000","","1.01%"
"04/02/2021","240,570","237,600","241,065","231,660","452.20K","1.67%"
"04/01/2021","236,610","243,540","244,530","231,660","280.43K","-1.65%"
"03/31/2021","240,570","242,550","248,490","238,590","275.33K","0.21%"
"03/30/2021","240,075","235,620","246,015","234,630","360.50K","2.54%"
"03/29/2021","234,135","241,065","241,065","231,660","226.34K","-3.25%"
"03/28/2021","242,000","242,000","242,000","242,000","","1.01%"
"03/26/2021","239,580","234,630","240,570","226,710","398.24K","2.76%"
"03/25/2021","233,145","216,810","233,145","216,315","304.56K","7.53%"
"03/24/2021","216,810","218,790","223,245","213,840","144.17K","-1.35%"
"03/23/2021","219,780","229,680","232,155","217,800","183.12K","-3.48%"
"03/22/2021","227,700","225,225","232,155","224,235","203.62K","0.75%"
"03/21/2021","226,000","226,000","226,000","226,000","","1.01%"
"03/19/2021","223,740","226,215","229,185","220,770","211.96K","-3.42%"
"03/18/2021","231,660","229,680","233,145","227,700","253.23K","1.30%"
"03/17/2021","228,690","217,800","231,660","217,800","389.09K","5.48%"
"03/16/2021","216,810","218,790","220,770","213,840","181.56K","0.46%"
"03/15/2021","215,820","217,800","224,235","211,860","357.69K","-5.34%"
"03/14/2021","228,000","228,000","228,000","228,000","","1.01%"
"03/12/2021","225,720","212,850","226,215","212,355","462.28K","7.80%"
"03/11/2021","209,385","192,555","211,365","191,070","449.30K","9.59%"
"03/10/2021","191,070","201,465","201,960","190,575","215.30K","-3.50%"
"03/09/2021","198,000","207,405","208,890","195,030","303.86K","-3.85%"
"03/08/2021","205,920","207,405","213,345","203,940","282.70K","0.24%"
"03/05/2021","205,425","207,405","207,900","202,455","167.07K","-2.58%"
"03/04/2021","210,870","207,405","214,830","206,910","235.17K","0.24%"
"03/03/2021","210,375","207,900","212,355","205,920","227.57K","2.66%"
"03/02/2021","204,930","210,870","214,335","203,940","174.90K","0.24%"
"02/26/2021","204,435","200,475","206,910","198,495","272.57K","-2.59%"
"02/25/2021","209,880","212,850","214,335","202,950","386.93K","0.47%"
"02/24/2021","208,890","232,155","237,105","207,900","573.56K","-7.66%"
"02/23/2021","226,215","225,225","232,155","218,790","207.90K","0.66%"
"02/22/2021","224,730","233,640","234,135","224,235","225.00K","-4.17%"
"02/21/2021","234,500","234,500","234,500","234,500","","1.01%"
"02/19/2021","232,155","240,075","243,540","226,710","342.94K","-2.90%"
"02/18/2021","239,085","252,450","256,410","237,105","438.17K","-3.01%"
"02/17/2021","246,510","245,025","252,450","239,580","395.39K","0.40%"
"02/16/2021","245,520","225,720","253,935","225,225","939.11K","9.49%"
"02/15/2021","224,235","230,670","234,630","223,740","307.46K","-3.14%"
"02/14/2021","231,500","231,500","231,500","231,500","","1.01%"
"02/10/2021","229,185","229,680","238,590","228,195","389.99K","0.22%"
"02/09/2021","228,690","239,580","240,075","227,700","586.94K","-5.91%"
"02/08/2021","243,045","244,530","248,985","240,570","327.73K","1.03%"
"02/05/2021","240,570","241,065","247,005","235,125","400.48K","0.62%"
"02/04/2021","239,085","231,660","244,530","226,215","865.58K","3.87%"
"02/03/2021","230,175","229,185","238,590","223,245","547.72K","0.00%"
"02/02/2021","230,175","216,810","240,075","211,365","1.37M","6.90%"
"02/01/2021","215,325","202,455","215,325","197,010","609.36K","5.29%"
"01/31/2021","204,500","204,500","204,500","204,500","","1.01%"
"01/29/2021","202,455","219,780","219,780","198,495","772.94K","-7.05%"
"01/28/2021","217,800","210,870","222,750","206,415","1.66M","6.02%"
"01/27/2021","205,425","205,920","219,285","204,435","943.17K","-1.43%"
"01/26/2021","208,395","201,465","216,810","192,555","902.90K","3.44%"
"01/25/2021","201,465","199,980","214,830","195,525","1.90M","4.66%"
"01/24/2021","192,500","192,500","192,500","192,500","","1.01%"
"01/22/2021","190,575","171,270","196,020","169,785","2.22M","11.27%"
"01/21/2021","171,270","176,220","176,220","171,270","242.62K","-1.70%"
"01/20/2021","174,240","172,260","175,230","167,310","426.38K","1.44%"
"01/19/2021","171,765","166,320","172,755","165,330","462.15K","4.83%"
"01/18/2021","163,845","154,440","166,815","152,955","634.30K","4.36%"
"01/17/2021","157,000","157,000","157,000","157,000","","1.01%"
"01/15/2021","155,430","159,390","160,875","155,430","693.69K","-5.42%"
"01/14/2021","164,340","164,835","168,795","161,865","342.72K","-1.48%"
"01/13/2021","166,815","151,965","178,200","151,470","2.09M","9.77%"
"01/12/2021","151,965","152,955","155,430","148,500","203.78K","-0.65%"
"01/11/2021","152,955","160,380","160,875","152,460","254.28K","-3.74%"
"01/08/2021","158,895","156,420","160,380","153,450","285.80K","2.23%"
"01/07/2021","155,430","156,915","157,905","155,430","139.96K","-0.95%"
"01/06/2021","156,915","158,400","159,390","155,925","148.73K","0.00%"
"01/05/2021","156,915","155,430","157,410","153,945","168.17K","0.32%"
"01/04/2021","156,420","158,400","158,895","154,440","153.37K","-1.25%"
"12/30/2020","158,400","156,915","159,390","155,925","118.08K","0.95%"
"12/29/2020","156,915","154,935","158,895","153,450","111.16K","1.28%"
"12/28/2020","154,935","156,915","157,410","153,450","115.32K","-0.95%"
"12/24/2020","156,420","151,470","156,915","149,985","133.08K","3.27%"
"12/23/2020","151,470","152,955","156,420","150,975","148.68K","-0.97%"
"12/22/2020","152,955","155,925","156,915","152,460","165.52K","-2.52%"
"12/21/2020","156,915","160,380","160,380","155,430","158.94K","-3.14%"
"12/20/2020","162,000","162,000","162,000","162,000","","1.01%"
"12/18/2020","160,380","160,875","162,360","158,895","161.25K","0.31%"
"12/17/2020","159,885","167,310","167,310","158,895","716.74K","-6.65%"
"12/16/2020","171,270","171,270","172,260","169,290","96.47K","0.58%"
"12/15/2020","170,280","173,745","173,745","168,795","151.46K","-1.99%"
"12/14/2020","173,745","177,705","177,705","173,250","198.33K","-2.77%"
"12/11/2020","178,695","180,180","180,180","177,210","143.68K","-0.55%"
"12/10/2020","179,685","177,210","179,685","175,230","388.96K","0.83%"
"12/09/2020","178,200","181,170","181,170","178,200","155.36K","-1.10%"
"12/08/2020","180,180","178,200","181,665","175,230","202.53K","0.83%"
"12/07/2020","178,695","186,615","186,615","178,200","253.64K","-3.73%"
"12/04/2020","185,625","187,110","187,605","183,150","258.52K","-1.06%"
"12/03/2020","187,605","181,665","188,595","180,180","671.19K","4.12%"
"12/02/2020","180,180","181,170","181,170","178,200","195.83K","0.55%"
"12/01/2020","179,190","180,675","183,150","177,705","328.76K","0.84%"
"11/30/2020","177,705","176,220","179,190","174,735","176.67K","-0.17%"
"11/29/2020","178,000","178,000","178,000","178,000","","1.01%"
"11/27/2020","176,220","176,220","176,715","173,250","127.28K","1.14%"
"11/26/2020","174,240","175,230","179,685","173,250","343.49K","1.15%"
"11/25/2020","172,260","181,665","182,655","170,775","440.61K","-3.87%"
"11/24/2020","179,190","179,190","179,685","172,260","385.14K","0.56%"
"11/23/2020","178,200","183,150","184,140","176,220","403.42K","-3.41%"
"11/22/2020","184,500","184,500","184,500","184,500","","1.01%"
"11/20/2020","182,655","180,180","191,070","176,220","819.98K","2.50%"
"11/19/2020","178,200","179,685","180,675","174,240","287.40K","-0.83%"
"11/18/2020","179,685","179,685","183,645","176,220","417.45K","1.11%"
"11/17/2020","177,705","167,310","181,170","163,845","929.35K","4.66%"
"11/16/2020","169,785","153,945","170,280","152,955","1.16M","6.12%"
"11/15/2020","160,000","160,000","160,000","160,000","","1.01%"
"11/13/2020","158,400","154,935","160,875","154,440","218.43K","1.59%"
"11/12/2020","155,925","162,360","162,360","154,440","325.11K","-3.96%"
"11/11/2020","162,360","168,795","170,280","161,370","295.95K","-2.38%"
"11/10/2020","166,320","166,815","169,785","164,835","491.97K","3.07%"
"11/09/2020","161,370","162,360","167,805","159,390","429.24K","-0.39%"
"11/08/2020","162,000","162,000","162,000","162,000","","1.01%"
"11/06/2020","160,380","162,855","164,340","157,905","413.03K","-1.22%"
"11/05/2020","162,360","148,995","171,270","148,500","1.57M","10.07%"
"11/04/2020","147,510","151,965","151,965","145,530","328.75K","-1.97%"
"11/03/2020","150,480","143,055","150,480","143,055","687.93K","5.92%"
"11/02/2020","142,065","141,075","145,035","139,590","409.82K","0.05%"
"11/01/2020","142,000","142,000","142,000","142,000","","1.01%"
"10/30/2020","140,580","147,510","149,985","140,580","1.13M","-9.55%"
"10/29/2020","155,430","153,945","159,885","152,955","514.09K","-0.95%"
"10/28/2020","156,915","159,885","161,865","155,925","559.78K","-2.46%"
"10/27/2020","160,875","152,955","164,340","150,975","1.11M","4.17%"
"10/26/2020","154,440","171,270","171,765","154,440","967.26K","-10.47%"
"10/25/2020","172,500","172,500","172,500","172,500","","1.01%"
"10/23/2020","170,775","181,170","182,160","169,785","893.73K","-4.17%"
"10/22/2020","178,200","174,735","183,150","173,745","1.17M","0.56%"
"10/21/2020","177,210","178,695","183,645","175,230","1.62M","-1.92%"
"10/20/2020","180,675","188,100","191,565","174,240","1.77M","-3.44%"
"10/19/2020","187,110","196,515","200,475","185,130","1.97M","-5.74%"
"10/16/2020","198,495","250,470","250,470","197,010","4.44M","-22.29%"